{"cameraMode":{"drawMode":0,"name":"Shaded","section":"Shading Mode"},"sceneLighting":true,"audioPlay":false,"sceneViewState":{"m_AlwaysRefresh":false,"showFog":true,"showSkybox":true,"showFlares":true,"showImageEffects":true,"showParticleSystems":true,"showVisualEffectGraphs":true,"m_FxEnabled":false},"in2DMode":false,"pivot":{"x":503.4255065917969,"y":2.618518114089966,"z":565.6915893554688},"rotation":{"x":0.010498106479644776,"y":-0.003876231610774994,"z":0.00002691095505724661,"w":0.9999871253967285},"size":0.8660253882408142,"orthographic":false}