{"cameraMode":{"drawMode":0,"name":"Shaded","section":"Shading Mode"},"sceneLighting":true,"audioPlay":false,"sceneViewState":{"m_AlwaysRefresh":false,"showFog":true,"showSkybox":true,"showFlares":true,"showImageEffects":true,"showParticleSystems":true,"showVisualEffectGraphs":true,"m_FxEnabled":false},"in2DMode":false,"pivot":{"x":512.1571655273438,"y":3.9713876247406008,"z":520.1492309570313},"rotation":{"x":0.0434689074754715,"y":-0.02844720520079136,"z":0.0012295866617932916,"w":0.9987000226974487},"size":0.8660253882408142,"orthographic":false}