{"cameraMode":{"drawMode":0,"name":"Shaded","section":"Shading Mode"},"sceneLighting":false,"audioPlay":false,"sceneViewState":{"m_AlwaysRefresh":false,"showFog":true,"showSkybox":true,"showFlares":true,"showImageEffects":true,"showParticleSystems":true,"showVisualEffectGraphs":true,"m_FxEnabled":false},"in2DMode":false,"pivot":{"x":510.7660217285156,"y":3.0706822872161867,"z":532.6043701171875},"rotation":{"x":0.006095362361520529,"y":-0.9749079942703247,"z":0.02691507712006569,"w":0.2209872156381607},"size":0.7866415977478027,"orthographic":false}