{"cameraMode":{"drawMode":0,"name":"Shaded","section":"Shading Mode"},"sceneLighting":false,"audioPlay":false,"sceneViewState":{"m_AlwaysRefresh":false,"showFog":true,"showSkybox":true,"showFlares":true,"showImageEffects":true,"showParticleSystems":true,"showVisualEffectGraphs":true,"m_FxEnabled":false},"in2DMode":false,"pivot":{"x":0.8330000042915344,"y":0.6545000076293945,"z":-1.6781498193740845},"rotation":{"x":-0.02225051261484623,"y":-0.9761471748352051,"z":0.12156748026609421,"w":-0.1788034290075302},"size":0.3025955855846405,"orthographic":false}