{"cameraMode":{"drawMode":0,"name":"Shaded","section":"Shading Mode"},"sceneLighting":true,"audioPlay":false,"sceneViewState":{"m_AlwaysRefresh":false,"showFog":true,"showSkybox":true,"showFlares":true,"showImageEffects":true,"showParticleSystems":true,"showVisualEffectGraphs":true,"m_FxEnabled":false},"in2DMode":false,"pivot":{"x":508.5434875488281,"y":2.6128456592559816,"z":538.0580444335938},"rotation":{"x":0.02849232777953148,"y":0.010210546664893628,"z":-0.0003052194369956851,"w":0.9995583295822144},"size":4.455495834350586,"orthographic":false}