{"cameraMode":{"drawMode":0,"name":"Shaded","section":"Shading Mode"},"sceneLighting":false,"audioPlay":false,"sceneViewState":{"m_AlwaysRefresh":false,"showFog":true,"showSkybox":true,"showFlares":true,"showImageEffects":true,"showParticleSystems":true,"showVisualEffectGraphs":true,"m_FxEnabled":false},"in2DMode":false,"pivot":{"x":388.30792236328127,"y":3.6080799102783205,"z":511.80694580078127},"rotation":{"x":0.04516567289829254,"y":0.0773356631398201,"z":-0.0033686095848679544,"w":0.996167004108429},"size":2.9062070846557619,"orthographic":false}